	en-IE	es-ES	uniqueWordsCount_en	uniqueWordsCount_es
0	"Premium heavyweight fleece provides year-round warmth on all but the coldest days!

The Hightail Pullover hoodie is an instant classic, with big and bold Fox branding that'll show you know where it's at the minute you slip this bad boy on. It's constructed from a premium, heavyweight cotton/polyester fleece and features hand warmer pockets and adjustable hood, making it the perfect layer on chilly nights and early starts. The iconic Fox Head and Fox Racing screen print will quickly make this your favourite go-to hoodie. 

Features:
• Soft brushed interior
• Heavyweight fleece combines comfort, warmth, and style
• Fox head/Fox racing art screen print at front chest
• Fox woven label at bottom right of kanga pocket
• Silicone coated eyelets
• Flat drawcord with silicone coated aglets."	"Un forro polar de alta calidad que proporciona calor durante todo el año en todos los días excepto en los más fríos.

La sudadera Hightail presenta un clásico instantáneo con el logo de Fox en grande para que puedas reconocerla en cualquier momento. Se ha confeccionado con un forro polar de algodón y poliéster de primera calidad, cuenta con bolsillos para calentar las manos y una capucha ajustable, lo que la convierte en la capa perfecta para las noches y las mañanas frías. La emblemática serigrafía Fox Head y Fox Racing la convertirá rápidamente en tu sudadera con capucha favorita. 

Características:
• Interior cepillado suave
• El forro polar pesado combina comodidad, calidez y estilo
• Serigrafía de Fox Head/Racing en la parte delantera del pecho
• Etiqueta tejida de Fox en la zona inferior derecha del bolsillo de canguro
• Ojales recubiertos de silicona
• Cordón plano con herretes recubiertos de silicona"	95	94
1	"Asterisk Ultra Cell 3.0. is a hand-built state-of-the-art knee brace made by riders - for riders. Asterisk have trimmed down the profile of the liners in the previous Ultra Cell and made getting in and out of the brace very easy with 4 snap-in strap liner attachments. These also allow independent adjustment for the best comfort and support. 

Features:
• Hand-built in USA
• Easily adjustable straps
• Quick release system
• Undersleeves and tethers included"	"La Asterisk Ultra Cell 3.0 es una rodillera de última generación hecha a mano por riders y para riders. Asterisk ha perfilado la forma de los forros de la anterior Ultra Cell y ha mejorado la entrada y la salida de la pierna mediante cuatro correas a presión en el forro. Además, estas permiten un ajuste independiente para ofrecer una comodidad y un soporte excepcionales. 

Características:
- Fabricadas a mano en EE.UU.
- Correas ajustables cómodas
- Sistema de liberación rápida
- Medias interiores y correas incluidas"	56	58
2	"The new O’Neal Element Squadron Youth MX Jersey is a really great jersey. Everything you need to get over the checkered flag in style, comfort, and protection against debris. Check out all features below!
 
Features:
• Great jersey quality at an affordable price
• Breathable, moisture-wicking material
• Multiple panel construction for an ergonomically correct cut and fit
• Flexible and vented V-Neck collar
• Padded elbow protection
• Extended tail with cooling mesh
• Bold, non-fade sublimated graphics
• Comfortable loose fit for maximum freedom-of-movement"	"La nueva camiseta de cross O’Neal Element Squadron para niños es una camiseta genial. Todo lo que necesitas para superar la desafiante carretera que tienes por delante con estilo, comodidad y protección contra los escombros. ¡Echa un vistazo a todas las características a continuación!
 
Características:
• Gran calidad a un precio asequible
• Material transpirable que absorbe la humedad
• Estructura multipanel para ofrecer un corte ergonómico
• Cuello de pico flexible y ventilado
• Acolchado de protección en los codos
• Zona trasera más larga con malla refrigerante
• Gráficos sublimados que no se desvanecen según los lavas
• Corte holgado y cómodo para disfrutar de la máxima libertad de movimiento"	70	80
3	FOX Nuklr Head Youth T-Shirt	Camiseta Niño FOX Nuklr Head	5	5
4	"FOX Racing's Boundary women's shirt is a classic v-neck t-shirt which gives you a relaxed fit that'll make you feel as laid back as the soft fabric and style!

Features:
• V-neckline
• Screenprint artwork
• 100% cotton jersey, 120g"	"La camiseta para mujer Boundary SS de FOX Racing te ofrece un ajuste holgado que te hará sentir tan relajada como el tejido suave esta camiseta.

Características:
• Cuello de pico 
• Estampado serigrafiado
• 100 % punto de algodón de 120 g"	35	37
5	A cool t-shirt from iconic Fox Racing with high quality construction and bags of attitude.	Una camiseta cómoda y elegante de Fox con un diseño atractivo y fabricada con algodón.	15	13
6	A cool t-shirt from iconic Fox Racing with high quality construction and bags of attitude.	Una camiseta cómoda y elegante de Fox con un diseño atractivo y fabricada con algodón.	15	13
7	"Aluminium is teamed with innovative materials to create the ""EVO"" grips, a secure product sporting and eye-catching design. 
Machined from light alloy billet and then given an anodized surface finish, which means there are various colours to choose from. Special rubber inserts provide better grip and a more reliable ride. Grips come with three different rings, essentially making them universal. 
Technical notes: the grip is 120 mm long. Problems may be encountered when mounting on models featuring heated grips. 
 
Available a throttle control tube for several motorcycles equipped with Ride By Wire electronic control: 
Ducati MPA01B 
MV Agusta MPA02B or MPA03B"	"El aluminio se combina con materiales innovadores para crear las empuñaduras ""EVO"", un producto seguro deportivo y un diseño atractivo. 
Mecanizado a partir de palanquilla de aleación ligera y luego con un acabado superficial anodizado, lo que significa que hay varios colores entre los que elegir. Las inserciones especiales de goma proporcionan un mejor agarre y un conducir más fiable. Las empuñaduras vienen con tres anillos diferentes, lo que las hace esencialmente universales. 
Notas técnicas: la empuñadura tiene 120 mm de longitud. Se pueden encontrar problemas al montar en modelos con empuñaduras calefactadas. 
 
Disponible un tubo de control del acelerador para varias motocicletas equipadas con control electrónico Ride By Wire: 
Ducati MPA01B 
MV Agusta MPA02B o MPA03B"	91	90
8	"Men's Excursion Mitt Black

Features:
• Heat-pack compatible pocket on the wrist
• Pre-curved fit for increased dexterity
• Zoned insulation for warmth
• Fleece lining
• 3M™ Scotchlite™ reflective
• New silicone print design on palm for added grip"	"Manopla para hombre negra 

Características:
• Bolsillo compatible con mochila térmica en la muñeca
• Ajuste precurvado para mejorar la destreza
• Aislamiento por zonas para mayor calidez
• Forro de felpa
• Detalles reflectantes Scotchlite™ 3M
• Nuevo diseño estampado de silicona en la palma para mejorar el agarre"	32	37
9	"Men's Attack Lite Glove Black

Features:
• Thinsulate® 100g back of hand, thumb and fourchettes insulation
• Durable 4-way stretch polyester shell construction
• HydrX Pro™ X-grip waterproof / breathable membrane construction
• Microfleece lining
• Soft gauge index finger for goggle wipe
• Goggle and nose wipe suede thumbs
• Silicone traction palm
• Aggressive pre-curved finger design for precision fit and dexterity
• Wrist strap adjuster"	"Guantes Attack Lite Negros para Hombre

Características:
• Aislamiento Thinsulate® 100g en dorso y pulgar 
• Estructura duradera de poliéster elástico en 4 direcciones
• Membrana impermeable/transpirable HydrX Pro™
• Forro de felpa suave
• Toallita para gafas TPR de dedo índice de calibre suave
• Pulgares limpia gafas
• Palma de tracción de silicona
• Diseño de dedos precurvado para mejorar el ajuste y el control
• Ajustador de la correa de la muñeca"	53	51
10	"Swingarm spools made in light alloy and Delrin, with steel screws. 
 
Kit consists of 2 pieces, one for each side."	"Diábolos de basculante fabricadas en aleación ligera y Delrin, con tornillos de acero. 
 
El kit consta de 2 piezas, una para cada lado."	20	21
11	"Combat Anti-Fog Balaclava Black Ops

Features:
• FXR Cold-Stop Omni-Stretch™ bonded fleece wind-block trilaminate construction for mid to cold weather riding
• Full coverage contoured neoprene nose mask diverts breath down, preventing fogging
• Max-comfort laser-cut breath holes in neoprene mouth vent
• Flared shoulder area increases cold weather protection
• Flat lock stitching for comfort and durability"	"Sotocasco negro 

Características:
• Estructura trilaminada de forro polar adherido Omni-Stretch de parada en frío FXR para rutas de media a baja temperatura
• La máscara nasal de neopreno de cobertura total desvía la respiración para evitar el vaho
• Orificios de aliento cortados con láser de máxima comodidad en la ventilación bucal de neopreno
• La zona del hombro acampanada aumenta la protección contra el frío
• Costuras planas para mejorar la comodidad y la longevidad"	49	53
12	"FOX Racing's Boundary women's long-sleeved shirt is a comfy top that lets you show your Fox love and keep it casual and warm on cooler days. Featuring a scoop neckline, this is perfect for either wearing by itself or under your favorite jacket.

Features:
•  Scooped neckline
• Fox head screen print
• 60% cotton, 40% polyester jersey 150g"	"La camiseta de manga larga para mujer Boundary de FOX Racing es una prenda cómoda e informal que te permite mostrar tu amor por Fox y estar abrigada en los días más fríos.  Con un escote redondo, es perfecto para llevarla sola o debajo de tu chaqueta favorita. 

Características:
• Escote redondo 
• Estampado de serigrafía Fox  
• 60% Algodón, 40% Poliéster Jersey 150g"	51	53
13	"Not totally unexpected, West Coast Choppers is a brand from the United States. Or, more specifically, from Austin, Texas. They make MC clothes with the right attitude - somewhat similar to the stuff you see in Sons of Anarchy!

Stylish and comfortable T-shirt with normal fit, made of 100% cotton.

The model in the picture is 182 cm tall, weighs 85 kg and wears a t-shirt in a size Large."	"West Coast Choppers es una marca de moteros para moteros de los Estados Unidos, en concreto afincada en Austin, Texas.¡Fabrican y diseñan ropa de moto con la personalidad propia de las Harley y con el mismo estilo que en la serie Sons of Anarchy!

Esta camiseta tiene el estilo perfecto, tiene un corte normal y está hecha 100% de algodón.

El modelo mide 182cm, pesa 85kg y lleva la talla L."	56	54
14	"Safe, robust and stylish in design - the SONUS MTB helmet is your first choice for action on the bike. No matter what terrain it takes you: With this helmet from O'NEAL you rely on a high-quality product!

Features:
• Shell is constructed with ABS
• Multiple air vents for optimal ventilation and cooling
• Matte finish
• Durable multi-colored graphics
• Ultra-plush removable, sweat absorbing and washable padded inner liner
• O`Neal Fidlock magnetic buckle (engineered in Germany) for easy, single-handed fastening and release, provides maximum security while riding
• Goggles rest securely in place on ridge at back of shell
• Optional available plastic break-away visor screws for improved safety
• Height adjustable visor 
• Airflaps compatible
• Exceeds EN1078 safety standard for bicycle Helmets"	"Diseño seguro, robusto y elegante: el casco SONUS MTB es tu primera opción para pasarlo bien con la moto. No importa el terreno, ya que este casco de O'NEAL es un producto de alta calidad.

Características:
• Calota exterior de ABS
• Múltiples salidas de aire para conseguir una ventilación y refrigeración óptimas
• Acabado mate
• Diseños multicolores resistentes
• Forro interior acolchado extraíble, absorbente del sudor y lavable.
• Hebilla magnética O`Neal Fidlock (diseñada en Alemania) para facilitar el cierre y la liberación con una sola mano, proporciona la máxima seguridad durante la conducción
• Las gafas se colocan de forma segura en su sitio en la zona trasera del casco
• Tornillos de plástico opcionales de la pantalla disponibles para mejorar la seguridad.
• Visor ajustable en altura 
• Compatible con Airflaps
• Supera la normativa de seguridad EN1078 para cascos de bicicleta"	99	101
15	"Dainese Thermo Mid Socks are the mid-length version of Dainese Thermo insulating socks, designed to ensure ergonomics and appropriate thermoregulation in colder climates. The Dryarn-Thermo hydrophobic and insulating fabric allows Thermo Socks to optimize the process of managing body heat.

Features:
• Temperature range: -20°C / 10°C
• Footbed compression for increased blood circulation
• Grip on the sole to prevent slipping inside the shoe
• Ankle support for better comfort and driving precision
• Compression lines to sustain muscles: lower vibrations and optimization of blood circulation"	"Los calcetines medios Dainese Thermo son la versión de longitud media de los calcetines aislantes Dainese Thermo, diseñados para garantizar la ergonomía y la termorregulación adecuada en climas más fríos. El tejido hidrofóbico y aislante Dryarn-Thermo permite a los calcetines Thermo optimizar el proceso de gestión del calor corporal.

Características:
• Rango de temperatura: -20°C - +10°C
• Plantilla de compresión para mejorar la circulación sanguínea
• Agarre en la suela para evitar deslizamientos dentro del calzado
• Soporte de tobillo para mejorar la comodidad y la precisión de conducción
• Líneas de compresión para mantener los músculos, disminuir vibraciones y optimizar de la circulación sanguínea"	62	65
16	"Dainese Dry Long Socks are the long version of Dainese Dry, breathable socks designed to ensure ergonomics and appropriate thermoregulation in milder climates. The Dryarn® hydrophobic fabric allows Dry Socks to optimize the sweat management process, keeping the body dry at all times and ensuring freshness and comfort.

Features:
• Ventilated mesh panel on the back of the foot: optimization of thermoregulation and breathability
• Footbed compression for increased blood circulation
• Grip on the sole to prevent slipping inside the shoe
• Ankle support for better comfort and driving precision
• Compression lines to sustain muscles: lower vibrations and optimization of blood circulation"	"Los calcetines Dainese Dry Long son la versión larga de los Dainese Dry, calcetines transpirables diseñados para garantizar la ergonomía y la adecuada termorregulación en climas más suaves. El tejido hidrofóbico Dryarn® permite que los calcetines optimicen el proceso de gestión del sudor, manteniendo el cuerpo seco en todo momento y garantizando frescura y comodidad.

Características:
• Panel de malla ventilada en la parte posterior del pie: optimización de la termorregulación y la transpirabilidad
• Plantilla de compresión para mejorar la circulación sanguínea
• Agarre en la suela para evitar deslizamientos dentro del calzado
• Soporte de tobillo para mejorar la comodidad y la precisión de conducción
• Líneas de compresión para mantener los músculos, disminuir vibraciones y optimizar de la circulación sanguínea"	69	74
17	"Dainese Dry Mid Socks are the mid-length version of Dainese Dry, breathable socks designed to ensure ergonomics and appropriate thermoregulation in milder climates. The Dryarn hydrophobic fabric allows Dry Socks to optimize the sweat management process, keeping the body dry at all times and ensuring freshness and comfort.

Features:
• Ventilated mesh panel on the back of the foot: optimization of thermoregulation and breathability
• Footbed compression for increased blood circulation
• Grip on the sole to prevent slipping inside the shoe
• Ankle support for better comfort and driving precision
• Compression lines to sustain muscles: lower vibrations and optimization of blood circulation"	"Los calcetines Dainese Dry medios son la versión de longitud media de los Dainese Dry, calcetines transpirables diseñados para garantizar la ergonomía y la adecuada termorregulación en climas más suaves. El tejido hidrofóbico Dryarn® permite que los calcetines optimicen el proceso de gestión del sudor, manteniendo el cuerpo seco en todo momento y garantizando frescura y comodidad.

Características:
• Panel de malla ventilada en la parte posterior del pie: optimización de la termorregulación y la transpirabilidad
• Plantilla de compresión para mejorar la circulación sanguínea
• Agarre en la suela para evitar deslizamientos dentro del calzado
• Soporte de tobillo para mejorar la comodidad y la precisión de conducción
• Líneas de compresión para mantener los músculos, disminuir vibraciones y optimizar de la circulación sanguínea"	70	75
18	"The Trackmaster H2O jacket is for racers that need to perform at the top level, even in the face of ugly, wet, adverse conditions. Constructed using hydratex®|Lite for minimum bulk and weight, yet maximum waterproofing, this garment has a fitted sport cut to minimize wind flap at high speeds, and multiple adjustment points to cut out the slack.

Features:
• Hydratex®|Lite waterproof liner
• Adjustment strap
• Adjustment tabs"	"La Trackmaster H2O es una chaqueta deportiva para corredores que necesitan rendir al máximo nivel, incluso en condiciones adversas, húmedas y complicadas. Confeccionada con hydratex®|Lite para conseguir el volumen y el peso mínimos, pero que ofrece la impermeabilidad máxima, esta chaqueta presenta un corte deportivo ceñido para minimizar el aleteo a altas velocidades y múltiples puntos de ajuste para reducir la holgura.

Características:
• Forro impermeable Hydratex®|Lite
• Correa de ajuste
• Lengüetas de ajuste"	55	57
19	"Acid Wash Premium fine knit jersey for maximum comfort and soft feel!

Loud and proud, the Down 'N' Dirty Tee is comfy and built to last. This acid wash print is a standout, instant classic Fox tee for your collection.

Features:
• Side seam construction maintain the integrity and structure, wash after wash
• Center front screen print"	"Un jersey de punto prémium que ofrece la máxima suavidad y confort.

La camiseta Down 'N' Dirty es cómoda y resistente y llega orgullosa y haciendo ruido por donde pasa. Su impresión de lavado corrosivo permite que la camiseta sea un clásico instantáneo y que destaque dentro de la colección de Fox.

Características:
• La estructura de costuras laterals mantiene su integridad y estructura lavado tras lavado
• Serigrafía frontal y en el centro"	45	51
